{"cameraMode":{"drawMode":0,"name":"Shaded","section":"Shading Mode"},"sceneLighting":false,"audioPlay":false,"sceneViewState":{"showFog":false,"showMaterialUpdate":false,"showSkybox":false,"showFlares":true,"showImageEffects":true,"showParticleSystems":true,"showVisualEffectGraphs":true,"m_FxEnabled":true},"in2DMode":false,"pivot":{"x":-0.9561048746109009,"y":1.5570964813232422,"z":0.012412786483764649},"rotation":{"x":-0.34911155700683596,"y":0.19254599511623383,"z":-0.07353407889604569,"w":-0.9141345620155335},"size":2.6140222549438478,"orthographic":false}