{"cameraMode":{"drawMode":0,"name":"Shaded","section":"Shading Mode"},"sceneLighting":false,"audioPlay":false,"sceneViewState":{"showFog":false,"showMaterialUpdate":false,"showSkybox":false,"showFlares":true,"showImageEffects":true,"showParticleSystems":true,"showVisualEffectGraphs":true,"m_FxEnabled":true},"in2DMode":false,"pivot":{"x":-3.8743019104003908e-7,"y":0.9799998998641968,"z":0.28000134229660036},"rotation":{"x":0.2517686188220978,"y":0.059473808854818347,"z":-0.015503325499594212,"w":0.965833842754364},"size":9.749643325805664,"orthographic":false}